{
 "a_grid": [
  0.0,
  0.05,
  0.1,
  0.15,
  0.2,
  0.25,
  0.3,
  0.35,
  0.4,
  0.45,
  0.5
 ],
 "A_vals": [
  1.999978734109337,
  1.9412226911901556,
  1.8807510637978109,
  1.8184133527239863,
  1.7540368467571814,
  1.6874219479592958,
  1.6183361931034914,
  1.5465065428349154,
  1.4716095294690843,
  1.3932612314970196,
  1.3110334173455584
 ],
 "B_vals": [
  2.467380331841665,
  2.40742014696171,
  2.346032069758761,
  2.2831316092606877,
  2.218632064274619,
  2.1524477719439594,
  2.084499911809579,
  2.014726476807979,
  1.9430987725455342,
  1.869646273904048,
  1.7944882791721295
 ],
 "exact_odd": 1.311037,
 "h_grid": [
  0.5,
  1.0,
  1.5,
  2.0,
  2.5,
  3.0,
  3.5,
  4.0
 ],
 "h_vals": [
  1.3019906934926948,
  1.3087826431373883,
  1.3106451450677143,
  1.311001877006482,
  1.311054371999641,
  1.3110610020004447,
  1.3110616493144436,
  1.3110614724447518
 ],
 "d_grid": [
  2,
  3,
  4,
  5,
  6,
  7,
  8,
  9,
  10
 ],
 "d_vals": [
  1.318766896386282,
  1.316006617152792,
  1.3149893387441056,
  1.3134521444907095,
  1.3122355908043428,
  1.311561349997673,
  1.3112561358452264,
  1.3111075871201858,
  1.3110599290205955
 ]
}